county, population
C3338139, 730129
C3338140, 1152282
C3338145, 850920
C3486017, 963794
C3486018, 917170
C3486019, 1603325
C3486020, 687312
C3486288, 752396
C3486289, 968909
C3486290, 598252
C3486291, 842304
C3486321, 743946
C3486322, 554622
C3492707, 1098584
C3492708, 884527
C3492709, 3138369
C3495537, 555561
C3495538, 1375063
C3495539, 369998
C3495540, 516212
C3495541, 623060
C3495542, 143294
C3495543, 1660651
C3495544, 1623282
C3495545, 1109735
C3495546, 528054
C3495547, 1012709
C3495548, 649931
C3495549, 399227
C3495550, 101539
C3495551, 1025756
C3495552, 291166
C3495553, 1356301
C3495554, 939370
C3495556, 752965
C3495557, 596268
C3495558, 693558
C3495559, 223947
C3495560, 284657
C3495561, 240075
C3495562, 365330
C3495563, 818757
C3495564, 855399
C3495565, 894179
C3495566, 661941
C3495567, 512690
C3977580, 942581
